-- phpMyAdmin SQL Dump
-- version 4.8.3
-- https://www.phpmyadmin.net/
--
-- Host: 127.0.0.1:3306
-- Generation Time: Dec 05, 2018 at 03:33 PM
-- Server version: 5.7.23
-- PHP Version: 7.2.10

SET SQL_MODE = "NO_AUTO_VALUE_ON_ZERO";
SET AUTOCOMMIT = 0;
START TRANSACTION;
SET time_zone = "+00:00";


/*!40101 SET @OLD_CHARACTER_SET_CLIENT=@@CHARACTER_SET_CLIENT */;
/*!40101 SET @OLD_CHARACTER_SET_RESULTS=@@CHARACTER_SET_RESULTS */;
/*!40101 SET @OLD_COLLATION_CONNECTION=@@COLLATION_CONNECTION */;
/*!40101 SET NAMES utf8mb4 */;

--
-- Database: `acme`
--

-- --------------------------------------------------------

--
-- Table structure for table `actions`
--

DROP TABLE IF EXISTS `actions`;
CREATE TABLE IF NOT EXISTS `actions` (
  `ActionID` int(6) NOT NULL AUTO_INCREMENT,
  `Name` varchar(256) NOT NULL,
  PRIMARY KEY (`ActionID`)
) ENGINE=InnoDB AUTO_INCREMENT=11 DEFAULT CHARSET=latin1;

--
-- Dumping data for table `actions`
--

INSERT INTO `actions` (`ActionID`, `Name`) VALUES
(1, 'logged in'),
(2, 'logged out'),
(3, 'created user'),
(4, 'edited profile'),
(5, 'deleted user'),
(6, 'edited user'),
(7, 'approved request'),
(8, 'requested password'),
(9, 'changed password'),
(10, 'denied request');

-- --------------------------------------------------------

--
-- Table structure for table `applications`
--

DROP TABLE IF EXISTS `applications`;
CREATE TABLE IF NOT EXISTS `applications` (
  `ApplicationID` int(6) NOT NULL AUTO_INCREMENT,
  `Name` varchar(255) DEFAULT NULL,
  `Link` varchar(255) NOT NULL,
  UNIQUE KEY `ApplicationID` (`ApplicationID`)
) ENGINE=InnoDB AUTO_INCREMENT=9 DEFAULT CHARSET=latin1;

--
-- Dumping data for table `applications`
--

INSERT INTO `applications` (`ApplicationID`, `Name`, `Link`) VALUES
(1, 'Acme Search', 'searchpage.php'),
(2, 'SuperSearch Plus', 'searchpageplus.php'),
(3, 'Profile Editor Plus', 'advancededit.php'),
(4, 'Employee Creator', 'createuserpage.php'),
(5, 'Request Page', 'requestspage.php'),
(6, 'Advanced Logger', 'auditpage.php'),
(7, 'Logout', 'logout.php'),
(8, 'Change Password', 'changepassword.php');

-- --------------------------------------------------------

--
-- Table structure for table `audit`
--

DROP TABLE IF EXISTS `audit`;
CREATE TABLE IF NOT EXISTS `audit` (
  `AuditID` int(6) NOT NULL AUTO_INCREMENT,
  `UserID` int(6) DEFAULT NULL,
  `ActionID` int(6) NOT NULL,
  `Timestamp` datetime DEFAULT NULL,
  UNIQUE KEY `AuditID` (`AuditID`),
  KEY `ActionID` (`ActionID`),
  KEY `audit_ibfk_1` (`UserID`)
) ENGINE=InnoDB AUTO_INCREMENT=479 DEFAULT CHARSET=latin1;

--
-- Dumping data for table `audit`
--

INSERT INTO `audit` (`AuditID`, `UserID`, `ActionID`, `Timestamp`) VALUES
(1, 1, 2, '2018-11-28 16:26:36'),
(2, 1, 2, '2018-11-28 16:38:50'),
(3, 1, 2, '2018-11-28 16:40:01'),
(4, 12, 1, '2018-11-28 16:40:19'),
(5, 12, 2, '2018-11-28 16:40:51'),
(6, 1, 1, '2018-11-28 16:45:29'),
(7, 1, 2, '2018-11-28 16:55:56'),
(8, 12, 1, '2018-11-28 16:56:16'),
(9, 12, 3, '2018-11-28 17:12:00'),
(10, 1, 1, '2018-11-28 19:00:28'),
(11, 1, 2, '2018-11-28 19:01:22'),
(12, 71, 1, '2018-11-28 19:33:50'),
(13, 1, 1, '2018-11-28 21:22:06'),
(14, 1, 1, '2018-11-28 21:24:06'),
(15, 71, 2, '2018-11-29 10:55:50'),
(16, 12, 2, '2018-11-29 14:22:31'),
(17, 12, 1, '2018-11-29 16:58:57'),
(18, 1, 1, '2018-11-29 18:00:25'),
(19, 1, 2, '2018-11-29 18:00:32'),
(20, 5, 1, '2018-11-29 18:01:40'),
(21, 12, 1, '2018-11-29 19:24:11'),
(22, 12, 2, '2018-11-29 19:28:49'),
(23, 1, 1, '2018-11-29 19:29:25'),
(24, 1, 2, '2018-11-29 19:29:38'),
(25, 12, 1, '2018-11-29 19:29:55'),
(26, 12, 2, '2018-11-29 19:32:58'),
(27, 3, 1, '2018-11-29 19:50:31'),
(28, 12, 1, '2018-11-29 20:01:26'),
(29, 71, 1, '2018-11-29 20:12:16'),
(30, 71, 2, '2018-11-29 20:12:55'),
(31, 71, 1, '2018-11-29 20:13:16'),
(32, 71, 4, '2018-11-29 20:13:30'),
(33, 71, 2, '2018-11-29 20:14:01'),
(34, 71, 1, '2018-11-29 20:31:42'),
(35, 71, 3, '2018-11-29 20:32:49'),
(37, 71, 3, '2018-11-29 20:43:35'),
(38, 71, 5, '2018-11-29 20:44:36'),
(39, 71, 5, '2018-11-29 20:47:50'),
(40, 71, 5, '2018-11-29 20:49:11'),
(41, 71, 5, '2018-11-29 20:53:34'),
(42, 71, 5, '2018-11-29 20:54:19'),
(43, 71, 5, '2018-11-29 20:55:57'),
(44, 71, 5, '2018-11-29 21:00:15'),
(45, 71, 5, '2018-11-29 21:01:57'),
(46, 71, 5, '2018-11-29 21:19:42'),
(47, 71, 5, '2018-11-29 21:21:36'),
(48, 71, 5, '2018-11-29 21:24:21'),
(49, 71, 5, '2018-11-29 21:25:26'),
(50, 71, 3, '2018-11-29 21:57:22'),
(51, 71, 3, '2018-11-29 22:01:28'),
(52, 71, 5, '2018-11-29 22:07:39'),
(53, 71, 5, '2018-11-29 22:10:33'),
(54, 71, 5, '2018-11-29 22:10:51'),
(55, 71, 5, '2018-11-29 22:12:45'),
(56, 71, 5, '2018-11-29 22:14:30'),
(57, 3, 1, '2018-11-29 23:46:09'),
(58, 71, 2, '2018-11-30 09:38:46'),
(59, 1, 1, '2018-11-30 09:39:47'),
(60, 1, 2, '2018-11-30 09:45:38'),
(61, 1, 1, '2018-11-30 09:45:50'),
(62, 1, 2, '2018-11-30 09:46:02'),
(63, 1, 1, '2018-11-30 09:48:50'),
(64, 1, 2, '2018-11-30 09:54:03'),
(65, 71, 1, '2018-11-30 09:58:29'),
(66, 71, 2, '2018-11-30 09:59:15'),
(67, 1, 1, '2018-11-30 10:30:15'),
(68, 1, 2, '2018-11-30 10:30:18'),
(69, 1, 1, '2018-11-30 10:34:40'),
(70, 1, 2, '2018-11-30 10:34:43'),
(71, 71, 1, '2018-11-30 10:36:55'),
(72, 71, 2, '2018-11-30 10:37:00'),
(73, 1, 1, '2018-11-30 10:51:55'),
(74, 1, 1, '2018-11-30 11:34:07'),
(75, 1, 2, '2018-11-30 12:29:02'),
(76, 1, 1, '2018-11-30 12:29:16'),
(77, 1, 2, '2018-11-30 12:29:42'),
(78, 1, 1, '2018-11-30 12:31:51'),
(79, 1, 1, '2018-11-30 15:14:20'),
(80, 3, 1, '2018-12-01 11:09:00'),
(81, 3, 1, '2018-12-01 13:00:29'),
(82, 1, 2, '2018-12-01 13:03:58'),
(83, 1, 1, '2018-12-01 13:32:35'),
(84, 1, 2, '2018-12-01 13:33:53'),
(85, 1, 1, '2018-12-01 16:12:09'),
(86, 1, 2, '2018-12-01 16:57:30'),
(87, 3, 1, '2018-12-01 17:44:48'),
(88, 3, 2, '2018-12-01 17:45:16'),
(89, 3, 1, '2018-12-01 17:45:32'),
(90, 1, 1, '2018-12-01 19:46:54'),
(91, 1, 2, '2018-12-01 19:47:11'),
(92, 1, 1, '2018-12-01 19:49:44'),
(93, 1, 2, '2018-12-01 20:03:25'),
(94, 12, 1, '2018-12-01 20:03:31'),
(95, 1, 1, '2018-12-01 20:10:48'),
(96, 1, 2, '2018-12-01 20:12:03'),
(97, 12, 3, '2018-12-01 20:16:31'),
(98, 12, 3, '2018-12-01 20:25:23'),
(99, 12, 3, '2018-12-01 20:42:38'),
(100, 12, 3, '2018-12-01 20:49:14'),
(101, 12, 2, '2018-12-01 20:56:55'),
(102, 71, 1, '2018-12-01 20:57:04'),
(103, 71, 5, '2018-12-01 20:57:16'),
(104, 71, 5, '2018-12-01 21:04:54'),
(105, 71, 3, '2018-12-01 21:11:06'),
(106, 71, 5, '2018-12-01 21:11:30'),
(107, 3, 1, '2018-12-01 21:15:32'),
(108, 3, 2, '2018-12-01 21:15:41'),
(109, 3, 1, '2018-12-01 21:17:00'),
(110, 3, 2, '2018-12-01 21:17:10'),
(111, 3, 1, '2018-12-01 21:17:30'),
(112, 3, 2, '2018-12-01 21:19:02'),
(113, 71, 3, '2018-12-01 21:22:42'),
(114, 71, 3, '2018-12-01 21:31:04'),
(115, 71, 5, '2018-12-01 21:31:49'),
(116, 71, 5, '2018-12-01 21:31:54'),
(117, 71, 5, '2018-12-01 21:33:26'),
(118, 71, 5, '2018-12-01 21:33:34'),
(119, 71, 5, '2018-12-01 21:33:41'),
(120, 71, 5, '2018-12-01 21:33:46'),
(121, 71, 5, '2018-12-01 21:36:10'),
(122, 71, 3, '2018-12-01 21:45:58'),
(123, 71, 2, '2018-12-01 21:47:37'),
(128, 71, 1, '2018-12-01 21:53:57'),
(129, 71, 5, '2018-12-01 21:54:07'),
(130, 3, 1, '2018-12-01 21:54:58'),
(131, 71, 2, '2018-12-01 22:01:25'),
(132, 71, 1, '2018-12-01 22:01:41'),
(133, 71, 3, '2018-12-01 22:02:50'),
(134, 71, 5, '2018-12-01 22:07:10'),
(135, 71, 3, '2018-12-01 22:08:08'),
(136, 71, 5, '2018-12-01 22:09:39'),
(137, 71, 3, '2018-12-01 22:10:27'),
(138, 71, 3, '2018-12-01 22:11:53'),
(139, 71, 5, '2018-12-01 22:12:05'),
(140, 71, 5, '2018-12-01 22:12:10'),
(141, 71, 3, '2018-12-01 22:21:36'),
(142, 71, 3, '2018-12-01 22:48:53'),
(143, 71, 3, '2018-12-01 22:49:43'),
(144, 71, 3, '2018-12-01 22:50:32'),
(145, 71, 3, '2018-12-01 22:52:34'),
(146, 71, 3, '2018-12-01 23:13:01'),
(147, 71, 5, '2018-12-01 23:17:16'),
(148, 71, 5, '2018-12-01 23:18:45'),
(149, 71, 2, '2018-12-02 00:04:33'),
(150, 71, 1, '2018-12-02 00:04:38'),
(151, 71, 2, '2018-12-02 00:11:30'),
(152, 1, 1, '2018-12-02 00:11:35'),
(153, 1, 2, '2018-12-02 12:38:32'),
(154, 1, 1, '2018-12-02 12:38:39'),
(155, 1, 2, '2018-12-02 12:39:27'),
(156, 1, 1, '2018-12-02 12:39:33'),
(157, 1, 2, '2018-12-02 13:53:18'),
(158, 71, 1, '2018-12-02 13:53:25'),
(159, 71, 2, '2018-12-02 13:53:30'),
(160, 71, 1, '2018-12-02 13:54:08'),
(161, 71, 2, '2018-12-02 13:54:43'),
(162, 1, 1, '2018-12-02 13:54:48'),
(163, 1, 2, '2018-12-02 13:56:32'),
(164, 71, 1, '2018-12-02 13:56:37'),
(165, 71, 3, '2018-12-02 14:11:42'),
(166, 71, 5, '2018-12-02 14:12:31'),
(167, 71, 2, '2018-12-02 18:05:50'),
(168, 1, 1, '2018-12-02 18:05:56'),
(169, 1, 2, '2018-12-02 18:07:46'),
(170, 71, 1, '2018-12-02 18:07:55'),
(171, 71, 2, '2018-12-02 18:24:11'),
(172, 1, 1, '2018-12-02 18:24:15'),
(173, 1, 2, '2018-12-02 19:17:17'),
(174, 71, 1, '2018-12-02 19:17:21'),
(175, 71, 3, '2018-12-02 20:39:43'),
(176, 71, 3, '2018-12-02 20:43:37'),
(177, 71, 3, '2018-12-02 20:46:06'),
(178, 71, 3, '2018-12-02 20:49:42'),
(179, 71, 3, '2018-12-02 20:51:28'),
(180, 71, 7, '2018-12-02 21:51:40'),
(181, 71, 7, '2018-12-02 21:56:33'),
(182, 71, 2, '2018-12-02 22:01:36'),
(183, 1, 1, '2018-12-02 22:01:43'),
(184, 1, 2, '2018-12-02 22:12:58'),
(185, 71, 1, '2018-12-02 22:13:03'),
(186, 71, 2, '2018-12-02 22:38:44'),
(187, 4, 1, '2018-12-03 10:32:27'),
(188, 4, 2, '2018-12-03 10:33:35'),
(189, 1, 1, '2018-12-03 11:51:36'),
(190, 1, 4, '2018-12-03 11:52:07'),
(191, 1, 2, '2018-12-03 11:54:14'),
(192, 3, 1, '2018-12-03 13:12:35'),
(193, 1, 1, '2018-12-03 14:04:40'),
(194, 2, 8, '2018-12-03 17:04:19'),
(195, 1, 1, '2018-12-03 17:22:26'),
(196, 1, 2, '2018-12-03 17:22:33'),
(197, 12, 1, '2018-12-03 17:22:38'),
(198, 12, 2, '2018-12-03 17:39:02'),
(199, 71, 1, '2018-12-03 17:39:11'),
(200, 3, 1, '2018-12-03 18:21:31'),
(201, 4, 1, '2018-12-03 19:15:10'),
(202, 4, 2, '2018-12-03 19:15:52'),
(203, 1, 1, '2018-12-03 19:15:59'),
(204, 4, 1, '2018-12-03 19:37:14'),
(205, 4, 8, '2018-12-03 19:37:25'),
(206, 71, 1, '2018-12-03 19:37:48'),
(207, 71, 7, '2018-12-03 19:38:43'),
(208, 4, 2, '2018-12-03 19:39:08'),
(209, 4, 1, '2018-12-03 19:39:15'),
(210, 2, 1, '2018-12-03 19:41:17'),
(211, 2, 4, '2018-12-03 19:41:56'),
(212, 4, 2, '2018-12-03 19:43:13'),
(213, 4, 1, '2018-12-03 19:43:17'),
(214, 3, 1, '2018-12-03 19:43:55'),
(215, 4, 2, '2018-12-03 19:44:30'),
(216, 4, 1, '2018-12-03 19:44:37'),
(217, 2, 2, '2018-12-03 19:45:02'),
(218, 71, 2, '2018-12-03 20:34:43'),
(219, 1, 1, '2018-12-03 20:56:47'),
(220, 1, 2, '2018-12-03 21:14:01'),
(221, 73, 1, '2018-12-03 21:20:31'),
(222, 73, 2, '2018-12-03 21:20:40'),
(223, 73, 1, '2018-12-03 21:20:48'),
(224, 73, 2, '2018-12-03 21:23:08'),
(225, 73, 1, '2018-12-03 21:23:32'),
(226, 73, 2, '2018-12-03 21:24:06'),
(227, 73, 1, '2018-12-03 21:28:03'),
(228, 73, 2, '2018-12-03 21:28:36'),
(229, 73, 1, '2018-12-03 21:28:47'),
(230, 73, 2, '2018-12-03 21:30:33'),
(231, 73, 1, '2018-12-03 21:30:41'),
(232, 73, 2, '2018-12-03 21:31:24'),
(233, 73, 1, '2018-12-03 21:31:31'),
(234, 73, 2, '2018-12-03 21:32:51'),
(235, 73, 1, '2018-12-03 21:33:01'),
(236, 73, 2, '2018-12-03 21:36:19'),
(237, 73, 1, '2018-12-03 21:36:34'),
(238, 73, 2, '2018-12-03 21:37:57'),
(239, 73, 1, '2018-12-03 21:38:47'),
(240, 73, 2, '2018-12-03 21:39:35'),
(241, 73, 1, '2018-12-03 21:39:49'),
(242, 73, 9, '2018-12-03 21:40:02'),
(243, 1, 1, '2018-12-04 07:51:25'),
(244, 73, 2, '2018-12-04 07:53:20'),
(245, 71, 1, '2018-12-04 07:53:32'),
(246, 71, 2, '2018-12-04 08:13:41'),
(247, 12, 1, '2018-12-04 08:13:51'),
(248, 12, 3, '2018-12-04 09:08:45'),
(249, 12, 3, '2018-12-04 09:13:52'),
(250, 12, 3, '2018-12-04 09:16:06'),
(251, 12, 2, '2018-12-04 09:17:01'),
(252, 79, 1, '2018-12-04 09:17:08'),
(253, 79, 2, '2018-12-04 09:17:15'),
(254, 77, 1, '2018-12-04 09:17:41'),
(255, 77, 9, '2018-12-04 09:17:56'),
(256, 77, 2, '2018-12-04 09:18:50'),
(257, 77, 1, '2018-12-04 09:18:58'),
(258, 77, 2, '2018-12-04 09:21:01'),
(259, 77, 1, '2018-12-04 09:21:09'),
(260, 77, 9, '2018-12-04 09:21:29'),
(261, 77, 2, '2018-12-04 09:27:49'),
(262, 79, 1, '2018-12-04 09:28:39'),
(263, 79, 9, '2018-12-04 09:29:00'),
(264, 79, 2, '2018-12-04 09:29:14'),
(265, 79, 1, '2018-12-04 09:29:21'),
(266, 79, 2, '2018-12-04 09:29:42'),
(267, 79, 1, '2018-12-04 09:29:50'),
(268, 79, 2, '2018-12-04 09:29:52'),
(269, 24, 8, '2018-12-04 09:52:09'),
(270, 79, 1, '2018-12-04 09:52:44'),
(271, 79, 4, '2018-12-04 09:55:03'),
(272, 79, 2, '2018-12-04 09:55:35'),
(273, 79, 1, '2018-12-04 09:55:45'),
(274, 79, 4, '2018-12-04 10:00:59'),
(275, 79, 4, '2018-12-04 10:00:59'),
(276, 79, 4, '2018-12-04 10:04:01'),
(277, 79, 4, '2018-12-04 10:04:01'),
(278, 79, 4, '2018-12-04 10:04:49'),
(279, 79, 4, '2018-12-04 10:06:33'),
(280, 79, 4, '2018-12-04 10:10:49'),
(281, 79, 4, '2018-12-04 10:14:10'),
(282, 79, 2, '2018-12-04 10:16:59'),
(283, 79, 1, '2018-12-04 10:17:08'),
(284, 79, 4, '2018-12-04 10:18:53'),
(285, 79, 4, '2018-12-04 10:22:15'),
(286, 79, 2, '2018-12-04 10:22:17'),
(287, 79, 1, '2018-12-04 10:22:54'),
(288, 79, 4, '2018-12-04 10:23:12'),
(289, 79, 2, '2018-12-04 10:24:09'),
(290, 79, 1, '2018-12-04 10:24:25'),
(291, 79, 4, '2018-12-04 10:24:43'),
(292, 79, 4, '2018-12-04 10:24:43'),
(293, 79, 2, '2018-12-04 10:25:04'),
(294, 79, 1, '2018-12-04 10:25:12'),
(295, 79, 1, '2018-12-04 11:15:10'),
(296, 79, 2, '2018-12-04 11:15:39'),
(297, 1, 1, '2018-12-04 11:37:32'),
(298, 1, 2, '2018-12-04 11:41:54'),
(299, 3, 1, '2018-12-04 11:58:33'),
(300, 1, 1, '2018-12-04 12:25:26'),
(301, 3, 1, '2018-12-04 12:30:26'),
(302, 1, 4, '2018-12-04 12:32:31'),
(303, 1, 4, '2018-12-04 12:37:09'),
(304, 3, 2, '2018-12-04 12:40:37'),
(305, 3, 1, '2018-12-04 12:40:44'),
(306, 79, 2, '2018-12-04 13:11:33'),
(307, 1, 1, '2018-12-04 13:11:41'),
(308, 1, 4, '2018-12-04 13:12:50'),
(309, 1, 4, '2018-12-04 13:13:44'),
(310, 1, 2, '2018-12-04 13:13:55'),
(311, 79, 1, '2018-12-04 13:14:05'),
(312, 79, 4, '2018-12-04 13:19:22'),
(313, 79, 2, '2018-12-04 13:19:38'),
(314, 79, 1, '2018-12-04 13:20:16'),
(315, 79, 2, '2018-12-04 13:23:46'),
(316, 79, 1, '2018-12-04 13:23:52'),
(317, 79, 2, '2018-12-04 13:26:10'),
(318, 79, 1, '2018-12-04 13:26:25'),
(319, 79, 2, '2018-12-04 13:37:37'),
(320, 79, 1, '2018-12-04 13:37:45'),
(321, 79, 4, '2018-12-04 13:44:29'),
(322, 79, 2, '2018-12-04 13:44:46'),
(323, 79, 1, '2018-12-04 13:45:03'),
(324, 79, 2, '2018-12-04 13:48:42'),
(325, 79, 1, '2018-12-04 13:48:53'),
(326, 79, 2, '2018-12-04 14:06:29'),
(327, 79, 1, '2018-12-04 14:06:44'),
(328, 79, 2, '2018-12-04 14:08:05'),
(329, 79, 1, '2018-12-04 14:09:01'),
(330, 79, 2, '2018-12-04 14:09:29'),
(331, 79, 1, '2018-12-04 14:09:39'),
(332, 79, 2, '2018-12-04 14:11:51'),
(333, 79, 1, '2018-12-04 14:13:04'),
(334, 79, 2, '2018-12-04 14:19:47'),
(335, 79, 1, '2018-12-04 14:19:54'),
(336, 79, 4, '2018-12-04 14:37:39'),
(337, 79, 2, '2018-12-04 14:38:35'),
(338, 74, 1, '2018-12-04 14:41:40'),
(339, 74, 9, '2018-12-04 14:41:58'),
(340, 74, 4, '2018-12-04 14:42:51'),
(341, 74, 2, '2018-12-04 14:46:31'),
(342, 71, 1, '2018-12-04 14:46:45'),
(343, 71, 4, '2018-12-04 14:47:43'),
(344, 71, 2, '2018-12-04 14:48:30'),
(345, 5, 1, '2018-12-04 14:49:46'),
(346, 5, 4, '2018-12-04 14:50:15'),
(347, 5, 4, '2018-12-04 14:50:51'),
(348, 5, 4, '2018-12-04 14:51:46'),
(349, 5, 4, '2018-12-04 14:54:05'),
(350, 5, 4, '2018-12-04 14:54:24'),
(351, 5, 4, '2018-12-04 14:54:45'),
(352, 5, 4, '2018-12-04 14:54:51'),
(353, 5, 2, '2018-12-04 14:56:18'),
(354, 79, 1, '2018-12-04 14:56:51'),
(355, 79, 4, '2018-12-04 14:57:27'),
(356, 79, 4, '2018-12-04 14:58:50'),
(357, 79, 4, '2018-12-04 15:07:26'),
(358, 79, 4, '2018-12-04 15:08:01'),
(359, 79, 4, '2018-12-04 15:22:03'),
(360, 79, 4, '2018-12-04 15:22:15'),
(361, 79, 2, '2018-12-04 15:22:24'),
(362, 71, 1, '2018-12-04 15:22:35'),
(363, 71, 4, '2018-12-04 15:23:59'),
(364, 71, 2, '2018-12-04 15:39:02'),
(365, 71, 1, '2018-12-04 15:39:17'),
(366, 71, 4, '2018-12-04 15:40:34'),
(367, 71, 4, '2018-12-04 15:42:06'),
(368, 71, 4, '2018-12-04 15:43:09'),
(369, 71, 4, '2018-12-04 15:46:50'),
(370, 71, 4, '2018-12-04 15:50:08'),
(371, 71, 2, '2018-12-04 15:51:46'),
(372, 71, 1, '2018-12-04 15:52:19'),
(373, 71, 2, '2018-12-04 15:52:39'),
(374, 71, 1, '2018-12-04 15:52:45'),
(375, 71, 4, '2018-12-04 15:54:19'),
(376, 71, 2, '2018-12-04 15:54:54'),
(377, 12, 1, '2018-12-04 15:59:45'),
(378, 12, 2, '2018-12-04 16:48:39'),
(379, 12, 1, '2018-12-04 16:50:07'),
(380, 1, 1, '2018-12-04 17:18:39'),
(381, 71, 1, '2018-12-04 17:34:35'),
(382, 71, 3, '2018-12-04 17:48:19'),
(383, 1, 2, '2018-12-04 17:48:27'),
(384, 80, 1, '2018-12-04 17:48:48'),
(385, 80, 9, '2018-12-04 17:52:24'),
(386, 80, 2, '2018-12-04 18:03:28'),
(387, 80, 1, '2018-12-04 18:03:45'),
(388, 80, 2, '2018-12-04 18:07:15'),
(389, 80, 1, '2018-12-04 18:07:41'),
(390, 71, 3, '2018-12-04 18:21:33'),
(391, 71, 2, '2018-12-04 18:21:50'),
(392, 81, 1, '2018-12-04 18:21:56'),
(393, 81, 9, '2018-12-04 18:23:30'),
(394, 12, 9, '2018-12-04 20:34:19'),
(395, 12, 6, '2018-12-04 20:37:01'),
(396, 12, 6, '2018-12-04 20:40:57'),
(397, 12, 6, '2018-12-04 20:45:03'),
(398, 12, 6, '2018-12-04 20:46:59'),
(399, 12, 6, '2018-12-04 20:47:25'),
(400, 12, 6, '2018-12-04 20:48:19'),
(401, 12, 2, '2018-12-04 20:55:08'),
(402, 71, 1, '2018-12-04 20:55:16'),
(403, 71, 2, '2018-12-04 21:34:26'),
(404, 71, 1, '2018-12-04 21:54:47'),
(405, 71, 2, '2018-12-04 21:54:59'),
(406, 80, 1, '2018-12-04 21:55:27'),
(407, 80, 3, '2018-12-04 21:57:15'),
(408, 80, 2, '2018-12-04 21:57:20'),
(409, 80, 1, '2018-12-04 21:57:47'),
(410, 80, 2, '2018-12-04 21:57:50'),
(411, 80, 1, '2018-12-04 21:58:34'),
(412, 80, 2, '2018-12-04 22:00:27'),
(413, 1, 1, '2018-12-04 22:00:40'),
(414, 1, 2, '2018-12-04 22:00:46'),
(415, 71, 1, '2018-12-04 22:28:08'),
(416, 71, 3, '2018-12-04 22:50:41'),
(417, 71, 2, '2018-12-04 22:53:36'),
(418, 81, 1, '2018-12-04 22:59:33'),
(419, 81, 7, '2018-12-04 23:00:56'),
(420, 81, 7, '2018-12-04 23:00:58'),
(421, 81, 7, '2018-12-04 23:00:59'),
(422, 81, 7, '2018-12-04 23:01:00'),
(423, 81, 7, '2018-12-04 23:01:01'),
(424, 71, 1, '2018-12-05 09:07:04'),
(425, 71, 2, '2018-12-05 09:15:36'),
(426, 73, 8, '2018-12-05 09:16:02'),
(427, 63, 8, '2018-12-05 09:19:25'),
(428, 82, 1, '2018-12-05 09:20:01'),
(429, 82, 9, '2018-12-05 09:20:15'),
(430, 82, 2, '2018-12-05 09:20:38'),
(431, 71, 1, '2018-12-05 09:20:49'),
(432, 71, 10, '2018-12-05 09:23:00'),
(433, 71, 2, '2018-12-05 09:24:04'),
(434, 68, 8, '2018-12-05 09:42:59'),
(435, 8, 1, '2018-12-05 09:45:57'),
(436, 8, 4, '2018-12-05 09:47:35'),
(437, 8, 9, '2018-12-05 09:51:26'),
(438, 8, 2, '2018-12-05 09:51:35'),
(439, 8, 1, '2018-12-05 09:51:52'),
(440, 8, 2, '2018-12-05 09:51:57'),
(441, 79, 1, '2018-12-05 09:52:18'),
(442, 79, 4, '2018-12-05 09:54:08'),
(443, 79, 4, '2018-12-05 09:55:16'),
(444, 79, 6, '2018-12-05 09:57:41'),
(445, 79, 3, '2018-12-05 09:59:07'),
(446, 79, 2, '2018-12-05 10:00:10'),
(447, 71, 1, '2018-12-05 10:02:08'),
(448, 71, 3, '2018-12-05 10:03:08'),
(449, 71, 5, '2018-12-05 10:03:23'),
(450, 71, 10, '2018-12-05 10:06:44'),
(451, 71, 7, '2018-12-05 10:07:19'),
(452, 71, 2, '2018-12-05 10:08:48'),
(453, 79, 1, '2018-12-05 10:08:58'),
(454, 79, 2, '2018-12-05 10:09:06'),
(455, 8, 1, '2018-12-05 10:09:20'),
(456, 8, 2, '2018-12-05 10:09:59'),
(457, 71, 1, '2018-12-05 10:10:16'),
(458, 71, 3, '2018-12-05 10:16:08'),
(459, 71, 2, '2018-12-05 10:16:15'),
(460, 33, 1, '2018-12-05 10:16:55'),
(461, 33, 4, '2018-12-05 10:18:50'),
(462, 33, 2, '2018-12-05 10:19:04'),
(463, 29, 1, '2018-12-05 10:19:19'),
(464, 29, 4, '2018-12-05 10:20:46'),
(465, 29, 2, '2018-12-05 10:21:28'),
(466, 9, 1, '2018-12-05 10:21:40'),
(467, 9, 4, '2018-12-05 10:22:17'),
(468, 9, 2, '2018-12-05 10:22:29'),
(469, 10, 1, '2018-12-05 10:22:42'),
(470, 10, 4, '2018-12-05 10:24:36'),
(471, 10, 2, '2018-12-05 10:26:01'),
(472, 31, 1, '2018-12-05 10:26:10'),
(473, 31, 4, '2018-12-05 10:27:23'),
(474, 31, 2, '2018-12-05 10:28:31'),
(475, 83, 1, '2018-12-05 10:28:39'),
(476, 83, 9, '2018-12-05 10:28:50'),
(477, 83, 4, '2018-12-05 10:29:20'),
(478, 83, 2, '2018-12-05 10:29:37');

-- --------------------------------------------------------

--
-- Table structure for table `departments`
--

DROP TABLE IF EXISTS `departments`;
CREATE TABLE IF NOT EXISTS `departments` (
  `DepartmentID` int(6) NOT NULL AUTO_INCREMENT,
  `Name` varchar(255) DEFAULT NULL,
  UNIQUE KEY `DepartmentID` (`DepartmentID`)
) ENGINE=InnoDB AUTO_INCREMENT=11 DEFAULT CHARSET=latin1;

--
-- Dumping data for table `departments`
--

INSERT INTO `departments` (`DepartmentID`, `Name`) VALUES
(1, 'Information Technology'),
(2, 'Human Resources'),
(3, 'Marketing'),
(4, 'Sales'),
(5, 'Accounting'),
(6, 'Economics'),
(7, 'Media'),
(8, 'Finance'),
(9, 'Research'),
(10, 'Returns');

-- --------------------------------------------------------

--
-- Table structure for table `haspermissions`
--

DROP TABLE IF EXISTS `haspermissions`;
CREATE TABLE IF NOT EXISTS `haspermissions` (
  `UserID` int(6) DEFAULT NULL,
  `PermissionID` int(6) DEFAULT NULL,
  `ApplicationID` int(6) DEFAULT NULL,
  KEY `PermissionID` (`PermissionID`),
  KEY `ApplicationID` (`ApplicationID`),
  KEY `haspermissions_ibfk_1` (`UserID`)
) ENGINE=InnoDB DEFAULT CHARSET=latin1;

--
-- Dumping data for table `haspermissions`
--

INSERT INTO `haspermissions` (`UserID`, `PermissionID`, `ApplicationID`) VALUES
(1, 1, 1),
(1, 7, 7),
(1, 8, 8),
(2, 1, 1),
(2, 7, 7),
(2, 8, 8),
(3, 1, 1),
(3, 7, 7),
(3, 8, 8),
(4, 1, 1),
(4, 7, 7),
(4, 8, 8),
(5, 1, 1),
(5, 7, 7),
(5, 8, 8),
(6, 1, 1),
(6, 7, 7),
(6, 8, 8),
(7, 1, 1),
(7, 7, 7),
(7, 8, 8),
(8, 1, 1),
(8, 7, 7),
(8, 8, 8),
(9, 1, 1),
(9, 3, 3),
(9, 4, 4),
(9, 7, 7),
(9, 8, 8),
(10, 1, 1),
(10, 3, 3),
(10, 4, 4),
(10, 7, 7),
(10, 8, 8),
(11, 1, 1),
(11, 7, 7),
(11, 8, 8),
(12, 1, 1),
(12, 3, 3),
(12, 4, 4),
(12, 7, 7),
(12, 8, 8),
(13, 1, 1),
(13, 3, 3),
(13, 4, 4),
(13, 7, 7),
(13, 8, 8),
(14, 1, 1),
(14, 7, 7),
(14, 8, 8),
(15, 1, 1),
(15, 3, 3),
(15, 4, 4),
(15, 7, 7),
(15, 8, 8),
(16, 1, 1),
(16, 3, 3),
(16, 4, 4),
(16, 7, 7),
(16, 8, 8),
(17, 1, 1),
(17, 3, 3),
(17, 4, 4),
(17, 7, 7),
(17, 8, 8),
(18, 1, 1),
(18, 7, 7),
(18, 8, 8),
(19, 1, 1),
(19, 7, 7),
(19, 8, 8),
(20, 1, 1),
(20, 3, 3),
(20, 4, 4),
(20, 7, 7),
(20, 8, 8),
(21, 1, 1),
(21, 7, 7),
(21, 8, 8),
(22, 1, 1),
(22, 7, 7),
(22, 8, 8),
(23, 1, 1),
(23, 7, 7),
(23, 8, 8),
(24, 1, 1),
(24, 7, 7),
(24, 8, 8),
(25, 1, 1),
(25, 7, 7),
(25, 8, 8),
(26, 1, 1),
(26, 7, 7),
(26, 8, 8),
(27, 1, 1),
(27, 3, 3),
(27, 4, 4),
(27, 7, 7),
(27, 8, 8),
(28, 1, 1),
(28, 7, 7),
(28, 8, 8),
(29, 1, 1),
(29, 2, 2),
(29, 3, 3),
(29, 4, 4),
(29, 5, 5),
(29, 6, 6),
(29, 7, 7),
(29, 8, 8),
(30, 1, 1),
(30, 7, 7),
(30, 8, 8),
(31, 1, 1),
(31, 7, 7),
(31, 8, 8),
(32, 1, 1),
(32, 3, 3),
(32, 4, 4),
(32, 7, 7),
(32, 8, 8),
(33, 1, 1),
(33, 2, 2),
(33, 3, 3),
(33, 4, 4),
(33, 5, 5),
(33, 6, 6),
(33, 7, 7),
(33, 8, 8),
(34, 1, 1),
(34, 7, 7),
(34, 8, 8),
(35, 1, 1),
(35, 7, 7),
(35, 8, 8),
(36, 1, 1),
(36, 7, 7),
(36, 8, 8),
(37, 1, 1),
(37, 7, 7),
(37, 8, 8),
(38, 1, 1),
(38, 7, 7),
(38, 8, 8),
(39, 1, 1),
(39, 7, 7),
(39, 8, 8),
(40, 1, 1),
(40, 7, 7),
(40, 8, 8),
(41, 1, 1),
(41, 7, 7),
(41, 8, 8),
(42, 1, 1),
(42, 7, 7),
(42, 8, 8),
(43, 1, 1),
(43, 3, 3),
(43, 4, 4),
(43, 7, 7),
(43, 8, 8),
(44, 1, 1),
(44, 7, 7),
(44, 8, 8),
(45, 1, 1),
(45, 7, 7),
(45, 8, 8),
(46, 1, 1),
(46, 7, 7),
(46, 8, 8),
(47, 1, 1),
(47, 7, 7),
(47, 8, 8),
(48, 1, 1),
(48, 7, 7),
(48, 8, 8),
(49, 1, 1),
(49, 7, 7),
(49, 8, 8),
(50, 1, 1),
(50, 7, 7),
(50, 8, 8),
(51, 1, 1),
(51, 3, 3),
(51, 4, 4),
(51, 7, 7),
(51, 8, 8),
(52, 1, 1),
(52, 3, 3),
(52, 4, 4),
(52, 7, 7),
(52, 8, 8),
(53, 1, 1),
(53, 7, 7),
(53, 8, 8),
(54, 1, 1),
(54, 3, 3),
(54, 4, 4),
(54, 7, 7),
(54, 8, 8),
(55, 1, 1),
(55, 7, 7),
(55, 8, 8),
(56, 1, 1),
(56, 3, 3),
(56, 4, 4),
(56, 7, 7),
(56, 8, 8),
(57, 1, 1),
(57, 3, 3),
(57, 4, 4),
(57, 7, 7),
(57, 8, 8),
(58, 1, 1),
(58, 3, 3),
(58, 4, 4),
(58, 7, 7),
(58, 8, 8),
(59, 1, 1),
(59, 7, 7),
(59, 8, 8),
(60, 1, 1),
(60, 3, 3),
(60, 4, 4),
(60, 7, 7),
(60, 8, 8),
(61, 1, 1),
(61, 7, 7),
(61, 8, 8),
(62, 1, 1),
(62, 7, 7),
(62, 8, 8),
(63, 1, 1),
(63, 7, 7),
(63, 8, 8),
(64, 1, 1),
(64, 7, 7),
(64, 8, 8),
(65, 1, 1),
(65, 3, 3),
(65, 4, 4),
(65, 7, 7),
(65, 8, 8),
(66, 1, 1),
(66, 7, 7),
(66, 8, 8),
(67, 1, 1),
(67, 7, 7),
(67, 8, 8),
(68, 1, 1),
(68, 7, 7),
(68, 8, 8),
(69, 1, 1),
(69, 7, 7),
(69, 8, 8),
(70, 1, 1),
(70, 7, 7),
(70, 8, 8),
(71, 1, 1),
(71, 2, 2),
(71, 3, 3),
(71, 4, 4),
(71, 5, 5),
(71, 6, 6),
(71, 7, 7),
(71, 8, 8),
(72, 1, 1),
(72, 7, 7),
(72, 8, 8),
(73, 1, 1),
(73, 7, 7),
(73, 8, 8),
(74, 1, 1),
(74, 7, 7),
(74, 8, 8),
(75, 1, 1),
(75, 7, 7),
(75, 8, 8),
(76, 1, 1),
(76, 7, 7),
(76, 8, 8),
(77, 1, 1),
(77, 7, 7),
(77, 8, 8),
(78, 1, 1),
(78, 3, 3),
(78, 4, 4),
(78, 7, 7),
(78, 8, 8),
(1, 6, 6),
(4, 6, 6),
(79, 1, 1),
(79, 3, 3),
(79, 4, 4),
(79, 7, 7),
(79, 8, 8),
(80, 1, 1),
(80, 2, 2),
(80, 3, 3),
(80, 4, 4),
(80, 5, 5),
(80, 6, 6),
(80, 7, 7),
(80, 8, 8),
(81, 1, 1),
(81, 2, 2),
(81, 3, 3),
(81, 4, 4),
(81, 5, 5),
(81, 6, 6),
(81, 7, 7),
(81, 8, 8),
(81, 1, 1),
(81, 2, 2),
(81, 3, 3),
(81, 4, 4),
(81, 5, 5),
(81, 6, 6),
(81, 7, 7),
(81, 8, 8),
(82, 1, 1),
(82, 3, 3),
(82, 4, 4),
(82, 7, 7),
(82, 8, 8),
(12, 6, 6),
(1, 5, 5),
(1, 2, 2),
(3, 2, 2),
(4, 2, 2),
(83, 1, 1),
(83, 7, 7),
(83, 8, 8),
(8, 6, 6),
(84, 1, 1),
(84, 7, 7),
(84, 8, 8);

-- --------------------------------------------------------

--
-- Table structure for table `locations`
--

DROP TABLE IF EXISTS `locations`;
CREATE TABLE IF NOT EXISTS `locations` (
  `LocationID` int(6) NOT NULL AUTO_INCREMENT,
  `Country` varchar(255) DEFAULT NULL,
  `City` varchar(255) DEFAULT NULL,
  UNIQUE KEY `LocationID` (`LocationID`)
) ENGINE=InnoDB AUTO_INCREMENT=7 DEFAULT CHARSET=latin1;

--
-- Dumping data for table `locations`
--

INSERT INTO `locations` (`LocationID`, `Country`, `City`) VALUES
(1, 'United States', 'New York City'),
(2, 'United States', 'Los Angeles'),
(3, 'United States', 'Chicago'),
(4, 'United Kingdom', 'London'),
(5, 'France', 'Paris'),
(6, 'Japan', 'Tokyo');

-- --------------------------------------------------------

--
-- Table structure for table `passwords`
--

DROP TABLE IF EXISTS `passwords`;
CREATE TABLE IF NOT EXISTS `passwords` (
  `PasswordID` int(6) NOT NULL AUTO_INCREMENT,
  `UserHash` varchar(32) NOT NULL,
  `Password` varchar(255) DEFAULT NULL,
  `DateChanged` datetime DEFAULT NULL,
  `ExpireTime` datetime DEFAULT NULL,
  UNIQUE KEY `PasswordID` (`PasswordID`),
  KEY `UserHash` (`UserHash`) USING BTREE
) ENGINE=InnoDB AUTO_INCREMENT=85 DEFAULT CHARSET=latin1;

--
-- Dumping data for table `passwords`
--

INSERT INTO `passwords` (`PasswordID`, `UserHash`, `Password`, `DateChanged`, `ExpireTime`) VALUES
(1, 'RY65V70IQ42ENSLCABXF9MJZGW3TO8PU', 'b553164c3323ce0cb4a1eb20ef8b4a13cbcafd09', '2018-11-14 03:28:17', '2019-02-12 03:28:17'),
(2, 'TKPNBS5GLJ2OAFVWX0EMYHQD8R9C7341', 'de1743a2f2b22e2e49fd7720675b8b1b0b122e18', '2018-11-14 03:24:43', '2019-02-12 03:24:43'),
(3, 'EG72Q9LPZXENSLKFRXF9MNWGZ2OT4T71', 'fd309eae3cab901466f1416725523cd23bb738d5', '2018-11-14 03:17:08', '2019-02-12 03:17:08'),
(4, 'SQUOYIM9VJWL4THGK8XRC756EAP1230B', 'b7a29cb323d5131eecb4f45989b5a99935d09b93', '2018-11-14 03:23:37', '2019-02-12 03:23:37'),
(5, '2FOXYAQ5MJTH49LE8W6IR0Z3U7SP1KDV', '403760173a59879c0051fb24f70cdd72cbec0b9e', '2018-11-29 18:01:30', '2019-02-27 18:01:30'),
(6, 'F8613ZE45RKCYJBXOAHS7GDUWTNMIL0Q', '5baa61e4c9b93f3f0682250b6cf8331b7ee68fd8', '2018-11-14 02:39:53', '2018-07-04 00:00:00'),
(7, 'U42ARM3X67DBSILQJ9HW18V5YEKFCPNT', '5e03e741c503d40c6085689ee7526a7a8d75c065', '2018-11-14 02:39:53', '2018-07-04 00:00:00'),
(8, 'ZSPTNQV41AFDWJR36KGM8HEB0Y2C5LOX', '0023c7dd9f5a774bc1debde99eeabed06cf98df7', '2018-12-05 09:51:26', '2019-03-05 09:51:26'),
(9, 'FXOBKQGPIDAW7HJTZEMU4NY82L13CR9S', '9ae806a13b4a97e4747bb51ebb37df5a5a7882a0', '2018-11-27 08:42:06', '2019-02-25 08:42:06'),
(10, 'SDM75PX6ZQGIVLRNJKHEW3YFOB0129A8', 'c9dfa99245e98c1ba47506f4aa6ab6977f1c02b0', '2018-11-14 02:39:53', '2019-02-04 00:00:00'),
(11, 'JDB43859PFHYV1ISQLATER0KM2X7ZUWO', '8bb6118f8fd6935ad0876a3be34a717d32708ffd', '2018-11-15 14:59:29', '2018-07-04 00:00:00'),
(12, 'HDF0R7U82AGOS9KTB34QNMI6VJYPXWE5', 'b553164c3323ce0cb4a1eb20ef8b4a13cbcafd09', '2018-11-17 03:33:34', '2019-02-04 00:00:00'),
(13, '8ZCJ2IMGWSFH9ED0BK5OXL61Y7R3NPVT', '8bb6118f8fd6935ad0876a3be34a717d32708ffd', '2018-11-15 15:02:25', '2018-07-04 00:00:00'),
(14, 'W1FLTH30I2MDZ5ES84AQU67JBYCO9VRX', '8bb6118f8fd6935ad0876a3be34a717d32708ffd', '2018-11-15 15:02:25', '2018-07-04 00:00:00'),
(15, '3GBKXFMTO1AVR8INJP2EUC9LD6S0HYQ4', '8bb6118f8fd6935ad0876a3be34a717d32708ffd', '2018-11-15 15:02:25', '2018-07-04 00:00:00'),
(16, '1DS0OBN6JVMXLUZK9QH3E4752FRIGCYA', '8bb6118f8fd6935ad0876a3be34a717d32708ffd', '2018-11-15 15:02:25', '2018-07-04 00:00:00'),
(17, '24TZ7BSWA5I91L8OUFEYKPNDQMRVGJ03', '8bb6118f8fd6935ad0876a3be34a717d32708ffd', '2018-11-15 15:02:25', '2018-07-04 00:00:00'),
(18, '8GAEP92HNWMFD5RL317XBS4CIOJVY6TQ', '8bb6118f8fd6935ad0876a3be34a717d32708ffd', '2018-11-15 15:02:25', '2018-07-04 00:00:00'),
(19, 'A0VNWI342ZOR8KTDY5BG9LEPUQJ76FXH', '8bb6118f8fd6935ad0876a3be34a717d32708ffd', '2018-11-15 15:02:25', '2018-07-04 00:00:00'),
(20, 'SXRVPHG937TFWA2EKUJB40ZMY5LCDQ1I', '8bb6118f8fd6935ad0876a3be34a717d32708ffd', '2018-11-15 15:02:25', '2018-07-04 00:00:00'),
(21, '5IQHL9DTZEYM8U6C42SWKR1B7JGNFAPV', '8bb6118f8fd6935ad0876a3be34a717d32708ffd', '2018-11-15 15:02:25', '2018-07-04 00:00:00'),
(22, 'KWHA3T14M7UBSZVP5FOXJGQD9LNRI28Y', '8bb6118f8fd6935ad0876a3be34a717d32708ffd', '2018-11-15 15:02:25', '2018-07-04 00:00:00'),
(23, 'YIQ56RVGJXWZLE82MFU9BAK70ODT4HSP', '8bb6118f8fd6935ad0876a3be34a717d32708ffd', '2018-11-15 15:02:25', '2018-07-04 00:00:00'),
(24, 'UKW1AB2GPZTQ6L5S3RDN8FEYVMH97JOI', '4c2a2670209959010a9aaae958396e4c40c773a6', '2018-11-15 15:02:25', '2018-07-04 00:00:00'),
(25, 'W8S4Y6VZCMOK9132PL7AQDBGFH5NTIXU', '8bb6118f8fd6935ad0876a3be34a717d32708ffd', '2018-11-15 15:02:25', '2018-07-04 00:00:00'),
(26, 'ZEK1Y7HQCTLJV0GFX3SBM46OIWAR5N28', '8bb6118f8fd6935ad0876a3be34a717d32708ffd', '2018-11-15 15:02:25', '2018-07-04 00:00:00'),
(27, 'PYLW2VFGT4KNQU83O67ARS0ZIJE9D1XH', '8bb6118f8fd6935ad0876a3be34a717d32708ffd', '2018-11-15 15:02:25', '2018-07-04 00:00:00'),
(28, '89HJ5CVBDYES2WFURPZTGI6AM1L3K04O', '8bb6118f8fd6935ad0876a3be34a717d32708ffd', '2018-11-15 15:02:25', '2018-07-04 00:00:00'),
(29, 'H8POU1W6GIL3A52T7DR4CMBN0YEFKQXV', '562f0002c36342cf58480c55097bdbe061c3e7f8', '2018-11-15 15:02:25', '2019-02-04 00:00:00'),
(30, 'DE7W6IJ1P2GZ4S5UBOAV3HFN89YCXM0Q', '8bb6118f8fd6935ad0876a3be34a717d32708ffd', '2018-11-15 15:03:56', '2018-07-04 00:00:00'),
(31, 'O7C1A9N5M6BGRSP3TWX4YIJVZ8EHQKUD', 'de1743a2f2b22e2e49fd7720675b8b1b0b122e18', '2018-11-15 15:03:56', '2019-02-04 00:00:00'),
(32, 'M7VT4BCIRQU1WLF0XYNZOJPD2G6S8E3A', '8bb6118f8fd6935ad0876a3be34a717d32708ffd', '2018-11-15 15:03:56', '2018-07-04 00:00:00'),
(33, 'VLDAPNW0Z9JH317BMSXFEY2CQRKOI4TU', '0238f176bb8b56f67d7ce435f6c792eded52c3cb', '2018-11-15 15:03:56', '2019-02-04 00:00:00'),
(34, '5TZDRNW4O9JL160VX2UI8KSHA7C3MYBP', '8bb6118f8fd6935ad0876a3be34a717d32708ffd', '2018-11-15 15:03:56', '2018-07-04 00:00:00'),
(35, 'NYOZCFTVDHQLRX9G14750I3UM68KJ2AB', '8bb6118f8fd6935ad0876a3be34a717d32708ffd', '2018-11-15 15:03:56', '2018-07-04 00:00:00'),
(36, '02DV56CURA9WMFTZ18QGYSL4EBPOHXKJ', '8bb6118f8fd6935ad0876a3be34a717d32708ffd', '2018-11-15 15:03:56', '2018-07-04 00:00:00'),
(37, 'Q01YBEW5LUOD3MKCN76SIJ4VX8PTRFZ9', '8bb6118f8fd6935ad0876a3be34a717d32708ffd', '2018-11-15 15:03:56', '2018-07-04 00:00:00'),
(38, 'N1HPMUAIXQJGSVD7W30L982EK4RY5C6O', '8bb6118f8fd6935ad0876a3be34a717d32708ffd', '2018-11-15 15:03:56', '2018-07-04 00:00:00'),
(39, 'UTSY0H4M8LQCAXVFWI1OZ9DK2JNEG53P', '8bb6118f8fd6935ad0876a3be34a717d32708ffd', '2018-11-15 15:03:56', '2018-07-04 00:00:00'),
(40, 'YK4MJB69THEV15UWD8QPX7LI3SGR2ACN', '8bb6118f8fd6935ad0876a3be34a717d32708ffd', '2018-11-15 15:03:56', '2018-07-04 00:00:00'),
(41, '37IETVGFQ2R9WB8ZU6KP4OLSNCX0DJHM', '8bb6118f8fd6935ad0876a3be34a717d32708ffd', '2018-11-15 15:03:56', '2018-07-04 00:00:00'),
(42, 'BMIYA2ZCNL375UKGQWVFTXERH6S09J84', '8bb6118f8fd6935ad0876a3be34a717d32708ffd', '2018-11-15 15:03:56', '2018-07-04 00:00:00'),
(43, 'SJGMCLQI5E3PZFWA1UHOVD62T8R794NY', '8bb6118f8fd6935ad0876a3be34a717d32708ffd', '2018-11-15 15:03:56', '2018-07-04 00:00:00'),
(44, 'UWYHOFDXA7B6M0E8VJNS4R1LPT9I5K3G', '8bb6118f8fd6935ad0876a3be34a717d32708ffd', '2018-11-15 15:03:56', '2018-07-04 00:00:00'),
(45, '76YFPVX52OBHWIZGJ31RCLKNAT94EDU8', '2fa33e40f60e02ca56009a7ae38a41c2e893a2b6', '2018-11-15 15:03:56', '2018-07-04 00:00:00'),
(46, 'GH23DSQ796XPZ0KM4OJCRWN1I5TVL8UY', '8bb6118f8fd6935ad0876a3be34a717d32708ffd', '2018-11-15 15:03:56', '2018-07-04 00:00:00'),
(47, '3U68B0SRKVWE7GD2MOQPT4XZLIHJA1N5', '8bb6118f8fd6935ad0876a3be34a717d32708ffd', '2018-11-15 15:03:56', '2018-07-04 00:00:00'),
(48, 'KWIJ1H9GOEVN3P6ZFTU4MSDB7LR8QXA0', '8bb6118f8fd6935ad0876a3be34a717d32708ffd', '2018-11-15 15:03:57', '2018-07-04 00:00:00'),
(49, 'OFZJWYG1CN3HIDR05KPBQU97EXAM28ST', '8bb6118f8fd6935ad0876a3be34a717d32708ffd', '2018-11-15 15:03:57', '2018-07-04 00:00:00'),
(50, 'VDWCZP13YH2TM7ROFJIUL8GE5BQ9K4X6', '8bb6118f8fd6935ad0876a3be34a717d32708ffd', '2018-11-15 15:03:57', '2018-07-04 00:00:00'),
(51, 'C9RU8GDIOM37Z261BWYKNVHLFTPQJ4X5', '8bb6118f8fd6935ad0876a3be34a717d32708ffd', '2018-11-15 15:04:30', '2018-07-04 00:00:00'),
(52, 'G7D4CF6USY9P2EZ3A8QXT1V50IWNLROK', '8bb6118f8fd6935ad0876a3be34a717d32708ffd', '2018-11-15 15:04:30', '2018-07-04 00:00:00'),
(53, 'R3P2UZFI1LQT4CEJBVOMAWS879Y5DH0X', '8bb6118f8fd6935ad0876a3be34a717d32708ffd', '2018-11-15 15:04:47', '2018-07-04 00:00:00'),
(54, 'AGIO8JXV4U0NTD7Y13HL9CRZKFB6PEWM', '8bb6118f8fd6935ad0876a3be34a717d32708ffd', '2018-11-15 15:05:38', '2018-07-04 00:00:00'),
(55, 'JGTPRDXU0KQL7FO1SECVAHMNIB9823Z4', '8bb6118f8fd6935ad0876a3be34a717d32708ffd', '2018-11-15 15:05:38', '2018-07-04 00:00:00'),
(56, 'SMZ967O40XVHKCD8UNTQ1A5PWBIRLGEY', '8bb6118f8fd6935ad0876a3be34a717d32708ffd', '2018-11-15 15:05:38', '2018-07-04 00:00:00'),
(57, 'SZIB81XY4TGKUNHOVR359D2M6WAJ0L7E', '8bb6118f8fd6935ad0876a3be34a717d32708ffd', '2018-11-15 15:05:38', '2018-07-04 00:00:00'),
(58, '9W4ND5YXC6E01MQKRHFAOPULIGTSB38V', '8bb6118f8fd6935ad0876a3be34a717d32708ffd', '2018-11-15 15:05:38', '2018-07-04 00:00:00'),
(59, 'USGAPQ13L498M0C6HNEWBFYRTIKJ2Z57', '8bb6118f8fd6935ad0876a3be34a717d32708ffd', '2018-11-15 15:05:38', '2018-07-04 00:00:00'),
(60, '4H2ZFJVN6MTX0URWEPKA3L7DQ9O5ICYS', '8bb6118f8fd6935ad0876a3be34a717d32708ffd', '2018-11-15 15:05:38', '2018-07-04 00:00:00'),
(61, '6SH5NKQPE8Z4RL1DF7GMT3BVJ92YAUX0', '57564e9a65cfd5a481acbfd5910280d9a39a9b7e', '2018-11-17 11:04:34', '2018-07-04 00:00:00'),
(62, 'DTBWS0FLUQZM7V5I3NP1R4YXAK268HJ9', '293abb6b76d7791c0732cc517d38c4b5c734b87f', '2018-11-26 10:24:39', '2018-07-04 00:00:00'),
(63, '82J4R17PVSQ6MWLXKZD3AN5EIYUTC0B9', '293abb6b76d7791c0732cc517d38c4b5c734b87f', '2018-11-26 15:46:43', '2018-07-04 00:00:00'),
(64, 'V76S8BKAHZPE3XGICQUMW1Y2RNLOD0T5', '293abb6b76d7791c0732cc517d38c4b5c734b87f', '2018-11-26 16:08:12', '2018-07-04 00:00:00'),
(65, 'F7VIPZU5GLSDM638HX0KTEY91OANQ42W', '293abb6b76d7791c0732cc517d38c4b5c734b87f', '2018-11-26 16:15:36', '2018-07-04 00:00:00'),
(66, 'V4E8XKJC1HSB96IWGAYQT75O0NZUPFDM', '293abb6b76d7791c0732cc517d38c4b5c734b87f', '2018-11-26 16:18:40', '2018-07-04 00:00:00'),
(67, 'C80Y3ZU25V17LAWM9JNBS4OTQPHDRFXK', '293abb6b76d7791c0732cc517d38c4b5c734b87f', '2018-11-26 16:24:08', '2018-07-04 00:00:00'),
(68, 'UDYEX708RGCTPKLJ5Q9F16M4IN3HOW2A', '293abb6b76d7791c0732cc517d38c4b5c734b87f', '2018-11-26 20:20:17', '2018-07-04 00:00:00'),
(69, 'CNJ2XQZTFK0L487P3VSG156RO9IAUWDH', '293abb6b76d7791c0732cc517d38c4b5c734b87f', '2018-11-26 20:23:41', '2018-07-04 00:00:00'),
(70, 'CDI26N3SEY8G9BJA4VFOPUWRM71LK0QT', '293abb6b76d7791c0732cc517d38c4b5c734b87f', '2018-11-26 20:31:44', '2018-07-04 00:00:00'),
(71, 'F7N0L1A7FNWR43VC67X20P9LM7G4UX3N', 'b553164c3323ce0cb4a1eb20ef8b4a13cbcafd09', '2018-11-30 10:36:26', '2019-02-28 10:36:26'),
(72, 'SRP2MILCHX59OU1DEJW03N7TKYZ8V6AG', '293abb6b76d7791c0732cc517d38c4b5c734b87f', '2018-11-28 17:00:23', '2018-07-04 00:00:00'),
(73, 'EUKMZWN05QX4BV6HCJO89SRYTG723DLF', '9e729a81d27d9c8580276f7b4b2d9c6c38b8d7d4', '2018-12-03 21:40:02', '2019-03-03 21:40:02'),
(74, 'GB16PR9LSVFM7IANJHXOU58Y0W3EK4TQ', '3d8754ccb2a559ada994b0dd89e9d060a008b7a2', '2018-12-04 14:41:58', '2019-03-04 14:41:58'),
(75, 'X7GKMWR8C5PV39O2E6SAL0BFTID1YZ4J', '293abb6b76d7791c0732cc517d38c4b5c734b87f', '2018-11-29 20:43:35', '2019-02-27 20:43:35'),
(76, 'JP35DTA02QIYKFO67ZLM9VRWEN84HSXG', '293abb6b76d7791c0732cc517d38c4b5c734b87f', '2018-12-02 20:39:43', '2018-07-04 00:00:00'),
(77, '735SZJF1D4BEWTAP6O0VMGQUHINY82LR', 'b7acddbd404a144cc34c7a0a8ac0840b3e7ce012', '2018-12-04 09:21:29', '2019-03-04 09:21:29'),
(78, 'GCBNFD7Q5YO63Z9PEM0TXURWH248J1SK', '293abb6b76d7791c0732cc517d38c4b5c734b87f', '2018-12-02 20:46:06', '2018-07-04 00:00:00'),
(79, 'P0HZDX3IRMTC5WASY89QONG61KFBE2JV', '962914b182a66502558f327f7f7cbeb6ec24c6b8', '2018-12-04 09:29:00', '2019-03-04 09:29:00'),
(80, '659UT1YWE2VHFAC7LQZIPG3NODJ0KB4R', '73d67b5e8cb641aeb61fcc0840b1d6a4d59532bb', '2018-12-04 17:52:24', '2019-03-04 17:52:24'),
(81, 'ZJGNVUIOP31XRWF4AD2MCQ60TB5HL7SE', 'b5eafe4c27f743ed49a113c94eadac8ff99bd56a', '2018-12-04 18:23:30', '2019-03-04 18:23:30'),
(82, 'U9FJMS08R6Q7KNWB1PEZYDTHVOIA23LX', '293abb6b76d7791c0732cc517d38c4b5c734b87f', '2018-12-04 21:57:15', '2019-03-04 21:57:15'),
(83, 'S9HX4VBJI061MGLQEZFY3CPTOAD7UKN8', 'c0995e8ce3ccab57df922f2b137e97114cd8ada9', '2018-12-05 10:28:50', '2019-03-05 10:28:50'),
(84, 'FBUDE1GNZHQCY47VMA5LRPW2TOIK96XS', '293abb6b76d7791c0732cc517d38c4b5c734b87f', '2018-12-05 10:16:08', '2019-03-05 10:16:08');

-- --------------------------------------------------------

--
-- Table structure for table `permissions`
--

DROP TABLE IF EXISTS `permissions`;
CREATE TABLE IF NOT EXISTS `permissions` (
  `PermissionID` int(6) NOT NULL AUTO_INCREMENT,
  `Name` varchar(255) DEFAULT NULL,
  UNIQUE KEY `PermissionID` (`PermissionID`)
) ENGINE=InnoDB AUTO_INCREMENT=9 DEFAULT CHARSET=latin1;

--
-- Dumping data for table `permissions`
--

INSERT INTO `permissions` (`PermissionID`, `Name`) VALUES
(1, 'App1access'),
(2, 'App2access'),
(3, 'App3access'),
(4, 'App4access'),
(5, 'App5access'),
(6, 'App6access'),
(7, 'App7access'),
(8, 'App8access');

-- --------------------------------------------------------

--
-- Table structure for table `requests`
--

DROP TABLE IF EXISTS `requests`;
CREATE TABLE IF NOT EXISTS `requests` (
  `RequestID` int(6) NOT NULL AUTO_INCREMENT,
  `UserID` int(6) NOT NULL,
  `ApplicationID` int(6) NOT NULL,
  `Timestamp` datetime DEFAULT NULL,
  UNIQUE KEY `RequestID` (`RequestID`),
  KEY `UserID` (`UserID`),
  KEY `ApplicationID` (`ApplicationID`)
) ENGINE=InnoDB AUTO_INCREMENT=37 DEFAULT CHARSET=latin1;

--
-- Dumping data for table `requests`
--

INSERT INTO `requests` (`RequestID`, `UserID`, `ApplicationID`, `Timestamp`) VALUES
(11, 4, 5, '2018-12-03 10:33:20'),
(13, 4, 5, '2018-12-03 19:38:26'),
(15, 4, 6, '2018-12-03 19:38:48'),
(16, 4, 6, '2018-12-03 19:38:50'),
(17, 4, 5, '2018-12-03 19:40:43'),
(18, 2, 2, '2018-12-03 19:42:57'),
(19, 2, 2, '2018-12-03 19:43:36'),
(20, 2, 2, '2018-12-03 19:43:59'),
(28, 8, 2, '2018-12-05 09:50:15'),
(29, 8, 3, '2018-12-05 09:50:30'),
(30, 8, 4, '2018-12-05 09:50:32'),
(31, 8, 5, '2018-12-05 09:50:34'),
(35, 79, 6, '2018-12-05 10:00:00'),
(36, 8, 4, '2018-12-05 10:09:58');

-- --------------------------------------------------------

--
-- Table structure for table `roles`
--

DROP TABLE IF EXISTS `roles`;
CREATE TABLE IF NOT EXISTS `roles` (
  `RoleID` int(6) NOT NULL AUTO_INCREMENT,
  `Name` varchar(255) DEFAULT NULL,
  UNIQUE KEY `RoleID` (`RoleID`)
) ENGINE=InnoDB AUTO_INCREMENT=4 DEFAULT CHARSET=latin1;

--
-- Dumping data for table `roles`
--

INSERT INTO `roles` (`RoleID`, `Name`) VALUES
(1, 'Employee'),
(2, 'Manager'),
(3, 'Admin');

-- --------------------------------------------------------

--
-- Table structure for table `teams`
--

DROP TABLE IF EXISTS `teams`;
CREATE TABLE IF NOT EXISTS `teams` (
  `TeamID` int(6) NOT NULL AUTO_INCREMENT,
  `Team` int(6) NOT NULL,
  PRIMARY KEY (`TeamID`)
) ENGINE=InnoDB AUTO_INCREMENT=7 DEFAULT CHARSET=latin1;

--
-- Dumping data for table `teams`
--

INSERT INTO `teams` (`TeamID`, `Team`) VALUES
(1, 1),
(2, 2),
(3, 3),
(4, 4),
(5, 5),
(6, 6);

-- --------------------------------------------------------

--
-- Table structure for table `users`
--

DROP TABLE IF EXISTS `users`;
CREATE TABLE IF NOT EXISTS `users` (
  `UserID` int(6) NOT NULL AUTO_INCREMENT,
  `FirstName` varchar(255) DEFAULT NULL,
  `LastName` varchar(255) DEFAULT NULL,
  `Email` varchar(255) DEFAULT NULL,
  `UserHash` varchar(32) NOT NULL,
  `Phone` varchar(255) DEFAULT NULL,
  `LocationID` int(6) DEFAULT NULL,
  `DepartmentID` int(6) DEFAULT NULL,
  `RoleID` int(6) DEFAULT NULL,
  `TeamID` int(6) DEFAULT NULL,
  `Picture` varchar(1024) DEFAULT NULL,
  UNIQUE KEY `UserID` (`UserID`),
  KEY `DepartmentID` (`DepartmentID`),
  KEY `RoleID` (`RoleID`),
  KEY `LocationID` (`LocationID`),
  KEY `TeamID` (`TeamID`)
) ENGINE=InnoDB AUTO_INCREMENT=85 DEFAULT CHARSET=latin1;

--
-- Dumping data for table `users`
--

INSERT INTO `users` (`UserID`, `FirstName`, `LastName`, `Email`, `UserHash`, `Phone`, `LocationID`, `DepartmentID`, `RoleID`, `TeamID`, `Picture`) VALUES
(1, 'Trevor', 'Pirone', 'trevor.pirone1@marist.edu', 'RY65V70IQ42ENSLCABXF9MJZGW3TO8PU', '9148433664', 1, 1, 1, 1, '1Headshot3.JPG'),
(2, 'Tyler', 'Dixon', 'tyler.dixon1@marist.edu', 'TKPNBS5GLJ2OAFVWX0EMYHQD8R9C7341', '9732707798', 1, 1, 1, 2, '2yeah mannn.jpg'),
(3, 'Michael', 'Cummins', 'michael.cummins1marist.edu', 'EG72Q9LPZXENSLKFRXF9MNWGZ2OT4T71', '5164282678', 1, 1, 1, 3, 'avatar.png'),
(4, 'David', 'Cyganowski', 'david.cyganowski1@marist.edu', 'SQUOYIM9VJWL4THGK8XRC756EAP1230B', '9142741917', 1, 1, 1, 4, 'avatar.png'),
(5, 'Timothy', 'Zwart', 'timothy.zwart1@marist.edu', '2FOXYAQ5MJTH49LE8W6IR0Z3U7SP1KDV', '5166509676', 1, 1, 1, 5, '5b37f202c842eb9bc2d18fb5574dd9d1a537a06bfv2_00.jpg'),
(6, 'Sammy', 'Pomegrane', 'sammy.pomegrane@acme.com', 'F8613ZE45RKCYJBXOAHS7GDUWTNMIL0Q', '3421458634', 2, 5, 1, 4, 'avatar.png'),
(7, 'Wendy', 'Watson', 'wendy.watson@acme.com', 'U42ARM3X67DBSILQJ9HW18V5YEKFCPNT', '2543452387', 3, 10, 1, 6, '7960x170_NBA_2K18.png'),
(8, 'Billy', 'Bob', 'billy.bob@acme.com', 'ZSPTNQV41AFDWJR36KGM8HEB0Y2C5LOX', '3091265582', 4, 3, 1, 2, '8ben simmons.jpg'),
(9, 'Alan', 'LaBowser', 'alan.labowser@acme.com', 'FXOBKQGPIDAW7HJTZEMU4NY82L13CR9S', '2079994017', 6, 9, 2, 4, '9Alan.jpg'),
(10, 'Chris', 'Algozeenie', 'chris.algozeenie@acme.com', 'SDM75PX6ZQGIVLRNJKHEW3YFOB0129A8', '6167890213', 5, 10, 2, 2, '10chris66.jpg'),
(11, 'Joey', 'McDougal', 'joey.mcdougal@acme.com', 'JDB43859PFHYV1ISQLATER0KM2X7ZUWO', '8760900215', 6, 4, 1, 1, 'avatar.png'),
(12, 'Martha', 'Lawrence', 'martha.lawrence@acme.com', 'HDF0R7U82AGOS9KTB34QNMI6VJYPXWE5', '4944673641', 4, 10, 1, 6, 'avatar.png'),
(13, 'Emily', 'Dickinson', 'emily.dickinson@acme.com', '8ZCJ2IMGWSFH9ED0BK5OXL61Y7R3NPVT', '9877896050', 3, 2, 2, 3, 'avatar.png'),
(14, 'Steven', 'Yakashima', 'steven.yakashima@acme.com', 'W1FLTH30I2MDZ5ES84AQU67JBYCO9VRX', '6792302135', 6, 9, 1, 4, 'avatar.png'),
(15, 'James', 'Taylor', 'james.taylor@acme.com', '3GBKXFMTO1AVR8INJP2EUC9LD6S0HYQ4', '3245657888', 2, 3, 2, 5, 'avatar.png'),
(16, 'Samantha', 'Montefiero', 'samantha.montefiero@acme.com', '1DS0OBN6JVMXLUZK9QH3E4752FRIGCYA', '8362859313', 1, 2, 2, 1, 'avatar.png'),
(17, 'Evelyn', 'McBabe', 'evelyn.mcbabe@acme.com', '24TZ7BSWA5I91L8OUFEYKPNDQMRVGJ03', '8693028750', 5, 7, 2, 5, 'avatar.png'),
(18, 'Harry', 'Owens', 'harry.owens@acme.com', '8GAEP92HNWMFD5RL317XBS4CIOJVY6TQ', '9178885660', 2, 4, 1, 2, 'avatar.png'),
(19, 'Kentavious', 'Allen', 'kentavious.allen@acme.com', 'A0VNWI342ZOR8KTDY5BG9LEPUQJ76FXH', '2114534298', 3, 8, 1, 2, 'avatar.png'),
(20, 'Tim', 'Smith', 'tim.smith@acme.com', 'SXRVPHG937TFWA2EKUJB40ZMY5LCDQ1I', '6906664376', 4, 5, 2, 4, 'avatar.png'),
(21, 'Emma', 'Watson', 'emma.watson@acme.com', '5IQHL9DTZEYM8U6C42SWKR1B7JGNFAPV', '8967983457', 4, 5, 1, 1, 'avatar.png'),
(22, 'Tamara', 'Hawkings', 'tamara.hawkings@acme.com', 'KWHA3T14M7UBSZVP5FOXJGQD9LNRI28Y', '6784930231', 2, 5, 1, 3, 'avatar.png'),
(23, 'Carl', 'Wheezer', 'carl.wheezer@acme.com', 'YIQ56RVGJXWZLE82MFU9BAK70ODT4HSP', '9172345678', 3, 10, 1, 4, 'avatar.png'),
(24, 'Sike', 'Mirico', 'sike.mirico@acme.com', 'UKW1AB2GPZTQ6L5S3RDN8FEYVMH97JOI', '8907006662', 1, 6, 1, 2, 'avatar.png'),
(25, 'Kelly', 'Galliard', 'kelly.galliard@acme.com', 'W8S4Y6VZCMOK9132PL7AQDBGFH5NTIXU', '1236540798', 5, 6, 1, 3, 'avatar.png'),
(26, 'Google', 'Evan', 'google.evan@acme.com', 'ZEK1Y7HQCTLJV0GFX3SBM46OIWAR5N28', '5659970122', 1, 8, 1, 3, 'avatar.png'),
(27, 'Elena', 'Barber', 'elena.barber@acme.com', 'PYLW2VFGT4KNQU83O67ARS0ZIJE9D1XH', '8875554309', 4, 8, 2, 6, 'avatar.png'),
(28, 'Homer', 'Simpson', 'homer.simpson@acme.com', '89HJ5CVBDYES2WFURPZTGI6AM1L3K04O', '9874560231', 6, 8, 1, 4, 'avatar.png'),
(29, 'Josh', 'Nichols', 'josh.nichols@acme.com', 'H8POU1W6GIL3A52T7DR4CMBN0YEFKQXV', '9021069911', 3, 2, 3, 5, '29Josh.jpg'),
(30, 'Dale', 'Wiggins', 'dale.wiggins@acme.com', 'DE7W6IJ1P2GZ4S5UBOAV3HFN89YCXM0Q', '4960056778', 5, 2, 1, 1, 'avatar.png'),
(31, 'Juan', 'Arias', 'juan.arias@acme.com', 'O7C1A9N5M6BGRSP3TWX4YIJVZ8EHQKUD', '8452422447', 6, 2, 1, 2, '31bighuanchojuan.jpg'),
(32, 'Iggy', 'Raimondo', 'iggy.raimondo@acme.com', 'M7VT4BCIRQU1WLF0XYNZOJPD2G6S8E3A', '8751290345', 6, 1, 2, 6, 'avatar.png'),
(33, 'Drake', 'Parker', 'drake.parker@acme.com', 'VLDAPNW0Z9JH317BMSXFEY2CQRKOI4TU', '2119092784', 3, 1, 3, 5, '33Drake.jpg'),
(34, 'Simoni', 'Handoo', 'simoni.handoo@acme.com', '5TZDRNW4O9JL160VX2UI8KSHA7C3MYBP', '8455750909', 5, 3, 1, 2, 'avatar.png'),
(35, 'Frankie', 'Fox', 'frankie.fox@acme.com', 'NYOZCFTVDHQLRX9G14750I3UM68KJ2AB', '8455753000', 1, 3, 1, 4, 'avatar.png'),
(36, 'Eric', 'Cartman', 'eric.cartman@acme.com', '02DV56CURA9WMFTZ18QGYSL4EBPOHXKJ', '8730900876', 2, 7, 1, 3, 'avatar.png'),
(37, 'Felicia', 'Hartman', 'felicia.hartman@acme.com', 'Q01YBEW5LUOD3MKCN76SIJ4VX8PTRFZ9', '9170332226', 4, 7, 1, 2, 'avatar.png'),
(38, 'Xavier', 'Quinn', 'xavier.quinn@acme.com', 'N1HPMUAIXQJGSVD7W30L982EK4RY5C6O', '4244478999', 2, 9, 1, 5, 'avatar.png'),
(39, 'Jamie', 'Rochester', 'jamie.rochester@acme.com', 'UTSY0H4M8LQCAXVFWI1OZ9DK2JNEG53P', '3376691005', 5, 9, 1, 3, 'avatar.png'),
(40, 'Duy', 'Nguyen', 'duy.nguyen@acme.com', 'YK4MJB69THEV15UWD8QPX7LI3SGR2ACN', '5439860011', 3, 10, 1, 2, 'avatar.png'),
(41, 'Cathy', 'Reynolds', 'cathy.reynolds@acme.com', '37IETVGFQ2R9WB8ZU6KP4OLSNCX0DJHM', '9860382124', 4, 10, 1, 1, 'avatar.png'),
(42, 'Jessica', 'Thompson', 'jessica.thompson@acme.com', 'BMIYA2ZCNL375UKGQWVFTXERH6S09J84', '7669993333', 2, 10, 1, 6, 'avatar.png'),
(43, 'Hannah', 'Reid', 'hannah.reid@acme.com', 'SJGMCLQI5E3PZFWA1UHOVD62T8R794NY', '5854749889', 1, 4, 2, 5, 'avatar.png'),
(44, 'Minh', 'Tran', 'minh.tran@acme.com', 'UWYHOFDXA7B6M0E8VJNS4R1LPT9I5K3G', '8609652497', 6, 4, 1, 3, 'avatar.png'),
(45, 'Peter', 'Griffin', 'peter.griffin@acme.com', '76YFPVX52OBHWIZGJ31RCLKNAT94EDU8', '2092884571', 4, 4, 1, 6, 'avatar.png'),
(46, 'Gregory', 'Uwahwah', 'gregory.uwahwah@acme.com', 'GH23DSQ796XPZ0KM4OJCRWN1I5TVL8UY', '9795004366', 5, 5, 1, 4, 'avatar.png'),
(47, 'Vivian', 'Kamin', 'vivian.kamin@acme.com', '3U68B0SRKVWE7GD2MOQPT4XZLIHJA1N5', '2335648791', 2, 3, 1, 1, 'avatar.png'),
(48, 'Olivia', 'Ruther', 'olivia.ruther@acme.com', 'KWIJ1H9GOEVN3P6ZFTU4MSDB7LR8QXA0', '7684021221', 4, 9, 1, 2, 'avatar.png'),
(49, 'Heather', 'Wilson', 'heather.wilson@acme.com', 'OFZJWYG1CN3HIDR05KPBQU97EXAM28ST', '3441117289', 5, 4, 1, 6, 'avatar.png'),
(50, 'May', 'Rattingly', 'may.rattingly@acme.com', 'VDWCZP13YH2TM7ROFJIUL8GE5BQ9K4X6', '9086631829', 5, 6, 1, 3, 'avatar.png'),
(51, 'Martell', 'Robertson', 'martell.robertson@acme.com', 'C9RU8GDIOM37Z261BWYKNVHLFTPQJ4X5', '4353445671', 2, 3, 2, 2, 'avatar.png'),
(52, 'Vitaly', 'Douglass', 'vitaly.douglass@acme.com', 'G7D4CF6USY9P2EZ3A8QXT1V50IWNLROK', '2236765411', 5, 6, 2, 4, 'avatar.png'),
(53, 'Olivia', 'Martin', 'olivia.martin@acme.com', 'R3P2UZFI1LQT4CEJBVOMAWS879Y5DH0X', '7690564304', 4, 7, 1, 5, 'avatar.png'),
(54, 'Marissa', 'Yakovic', 'marissa.yakovic@acme.com', 'AGIO8JXV4U0NTD7Y13HL9CRZKFB6PEWM', '9875468990', 1, 9, 2, 6, 'avatar.png'),
(55, 'Atsoca', 'Derfla', 'atsoca.derfla@acme.com', 'JGTPRDXU0KQL7FO1SECVAHMNIB9823Z4', '2332345491', 1, 1, 1, 3, 'avatar.png'),
(56, 'Carly', 'Shea', 'carly.shea@acme.com', 'SMZ967O40XVHKCD8UNTQ1A5PWBIRLGEY', '7656544389', 6, 2, 2, 4, 'avatar.png'),
(57, 'Marley', 'Sancho', 'marley.sancho@acme.com', 'SZIB81XY4TGKUNHOVR359D2M6WAJ0L7E', '9878654326', 4, 5, 2, 1, 'avatar.png'),
(58, 'Pablo', 'Sanchez', 'pablo.sanchez@acme.com', '9W4ND5YXC6E01MQKRHFAOPULIGTSB38V', '9809642154', 2, 10, 2, 6, 'avatar.png'),
(59, 'Nevin', 'Ramirez', 'nevin.ramirez@acme.com', 'USGAPQ13L498M0C6HNEWBFYRTIKJ2Z57', '5343429080', 3, 4, 1, 3, 'avatar.png'),
(60, 'Matthew', 'Johnson', 'matthew.johnson@acme.com', '4H2ZFJVN6MTX0URWEPKA3L7DQ9O5ICYS', '1212343500', 5, 1, 2, 2, 'avatar.png'),
(61, 'Carmine', 'Radmonovic', 'carmine.radmonovic@acme.com', '6SH5NKQPE8Z4RL1DF7GMT3BVJ92YAUX0', '6778791222', 3, 4, 1, 2, 'avatar.png'),
(62, 'Yolanda', 'Briggs', 'yolanda.briggs@acme.com', 'DTBWS0FLUQZM7V5I3NP1R4YXAK268HJ9', '3432289016', 5, 9, 1, 6, 'avatar.png'),
(63, 'Zoey', 'Cardenas', 'zoey.cardenas@acme.com', '82J4R17PVSQ6MWLXKZD3AN5EIYUTC0B9', '5957702223', 5, 5, 1, 5, '63emoticon-surprise-7-512.png'),
(64, 'Remy', 'Higgins', 'remy.higgins@acme.com', 'V76S8BKAHZPE3XGICQUMW1Y2RNLOD0T5', '8987543330', 4, 8, 1, 3, 'avatar.png'),
(65, 'Otavio', 'Richardsaon', 'otavio.richardson@acme.com', 'F7VIPZU5GLSDM638HX0KTEY91OANQ42W', '6567893421', 6, 4, 2, 2, 'avatar.png'),
(66, 'Mitchell', 'Robinson', 'mitchell.robinson@acme.com', 'V4E8XKJC1HSB96IWGAYQT75O0NZUPFDM', '3409911137', 3, 10, 1, 4, '66Headshot1.JPG'),
(67, 'Jeniffer', 'Gale', 'jeniffer.gale@acme.com', 'C80Y3ZU25V17LAWM9JNBS4OTQPHDRFXK', '6790632571', 5, 6, 1, 4, 'avatar.png'),
(68, 'Cameron', 'Carter', 'cameron.carter@acme.com', 'UDYEX708RGCTPKLJ5Q9F16M4IN3HOW2A', '6678901234', 2, 5, 1, 4, 'avatar.png'),
(69, 'Federica', 'Botswana', 'federica.botswana@acme.com', 'CNJ2XQZTFK0L487P3VSG156RO9IAUWDH', '5610092372', 4, 2, 1, 1, 'avatar.png'),
(70, 'Jackie', 'Underwood', 'jackie.underwood@acme.com', 'CDI26N3SEY8G9BJA4VFOPUWRM71LK0QT', '4351098876', 1, 7, 1, 3, 'avatar.png'),
(71, 'Betty', 'White', 'betty.white@acme.com', 'F7N0L1A7FNWR43VC67X20P9LM7G4UX3N', '2189098789', 1, 2, 3, 5, '71733px-Peach_MSS.jpg'),
(72, 'Pamela', 'Dunn', 'pamela.dunn@acme.com', 'SRP2MILCHX59OU1DEJW03N7TKYZ8V6AG', '3487770032', 3, 3, 1, 6, 'avatar.png'),
(73, 'Vincent', 'Rodriguez', 'vincent.rodriguez@acme.com', 'EUKMZWN05QX4BV6HCJO89SRYTG723DLF', '5675463452', 5, 9, 1, 3, 'avatar.png'),
(74, 'Irene', 'Mackinson', 'irene.mackinson@acme.com', 'GB16PR9LSVFM7IANJHXOU58Y0W3EK4TQ', '8456701211', 6, 8, 1, 5, '74wassila.PNG'),
(75, 'Fatima', 'Lopez', 'fatima.lopez@acme.com', 'X7GKMWR8C5PV39O2E6SAL0BFTID1YZ4J', '4253425664', 2, 7, 1, 4, 'avatar.png'),
(76, 'Ron', 'Gullit', 'ron.gullit@acme.com', 'JP35DTA02QIYKFO67ZLM9VRWEN84HSXG', '6567731092', 3, 6, 1, 4, 'avatar.png'),
(77, 'Lisa', 'Silvar', 'lisa.silvar@acme.com', '735SZJF1D4BEWTAP6O0VMGQUHINY82LR', '8809964312', 1, 5, 1, 2, 'avatar.png'),
(78, 'Xi', 'Jianlin', 'xi.jianlin@acme.com', 'JZPFO0D4WNL5QBKHXCAU2RS6E17TIMG8', '1674437770', 5, 5, 2, 1, 'avatar.png'),
(79, 'Adam', 'Trainor', 'adam.trainor@acme.com', 'P0HZDX3IRMTC5WASY89QONG61KFBE2JV', '4244478000', 1, 7, 2, 5, '792157889318001_3834542136001_beal-thumb.jpg'),
(80, 'Information', 'Technology', 'information.technology@marist.edu', '659UT1YWE2VHFAC7LQZIPG3NODJ0KB4R', '3333333333', 3, 6, 3, 2, 'avatar.png'),
(81, 'Thomas', 'Cummins', 'michael.cummins1@marist.edu', 'ZJGNVUIOP31XRWF4AD2MCQ60TB5HL7SE', '5164282678', 6, 2, 3, 3, 'avatar.png'),
(82, 'Arnold', 'Shortman', 'arnold.shortman@acme.com', 'BEZCGW50NVHXTOLPF7IDA3SRM18246QY', '3115667002', 6, 9, 2, 1, 'avatar.png'),
(83, 'Con', 'Roleman', 'con.roleman@acme.com', 'S9HX4VBJI061MGLQEZFY3CPTOAD7UKN8', '4430908886', 1, 8, 1, 3, '83ron-coleman.jpg'),
(84, 'Pablo', 'Rivas', 'pablo.rivas@acme.com', 'FBUDE1GNZHQCY47VMA5LRPW2TOIK96XS', '4024206969', 4, 2, 1, 2, 'avatar.png');

--
-- Constraints for dumped tables
--

--
-- Constraints for table `audit`
--
ALTER TABLE `audit`
  ADD CONSTRAINT `audit_ibfk_1` FOREIGN KEY (`UserID`) REFERENCES `users` (`UserID`) ON DELETE CASCADE,
  ADD CONSTRAINT `audit_ibfk_2` FOREIGN KEY (`ActionID`) REFERENCES `actions` (`ActionID`);

--
-- Constraints for table `haspermissions`
--
ALTER TABLE `haspermissions`
  ADD CONSTRAINT `haspermissions_ibfk_1` FOREIGN KEY (`UserID`) REFERENCES `users` (`UserID`) ON DELETE CASCADE,
  ADD CONSTRAINT `haspermissions_ibfk_2` FOREIGN KEY (`PermissionID`) REFERENCES `permissions` (`PermissionID`),
  ADD CONSTRAINT `haspermissions_ibfk_3` FOREIGN KEY (`ApplicationID`) REFERENCES `applications` (`ApplicationID`);

--
-- Constraints for table `requests`
--
ALTER TABLE `requests`
  ADD CONSTRAINT `requests_ibfk_1` FOREIGN KEY (`UserID`) REFERENCES `users` (`UserID`) ON DELETE CASCADE,
  ADD CONSTRAINT `requests_ibfk_2` FOREIGN KEY (`ApplicationID`) REFERENCES `applications` (`ApplicationID`) ON DELETE CASCADE;

--
-- Constraints for table `users`
--
ALTER TABLE `users`
  ADD CONSTRAINT `users_ibfk_1` FOREIGN KEY (`TeamID`) REFERENCES `teams` (`TeamID`);
COMMIT;

/*!40101 SET CHARACTER_SET_CLIENT=@OLD_CHARACTER_SET_CLIENT */;
/*!40101 SET CHARACTER_SET_RESULTS=@OLD_CHARACTER_SET_RESULTS */;
/*!40101 SET COLLATION_CONNECTION=@OLD_COLLATION_CONNECTION */;
